영역,유형,표준점수,남자,여자
국어,국어,143,44,36
국어,국어,141,92,75
국어,국어,140,172,167
국어,국어,139,116,115
국어,국어,138,456,425
국어,국어,137,359,347
국어,국어,136,715,689
국어,국어,135,766,706
국어,국어,134,1044,977
국어,국어,133,1176,1144
국어,국어,132,1451,1324
국어,국어,131,1657,1626
국어,국어,130,2044,1924
국어,국어,129,2279,2163
국어,국어,128,2353,2367
국어,국어,127,2435,2401
국어,국어,126,2819,2852
국어,국어,125,2692,2682
국어,국어,124,2912,3076
국어,국어,123,2998,2952
국어,국어,122,3137,3236
국어,국어,121,3065,3184
국어,국어,120,3196,3079
국어,국어,119,3193,3396
국어,국어,118,3455,3506
국어,국어,117,3358,3572
국어,국어,116,3404,3565
국어,국어,115,3354,3669
국어,국어,114,3971,4289
국어,국어,113,3485,3738
국어,국어,112,3494,3832
국어,국어,111,3398,3836
국어,국어,110,3764,4028
국어,국어,109,3502,3849
국어,국어,108,3491,3831
국어,국어,107,3997,4188
국어,국어,106,3459,3743
국어,국어,105,3512,3748
국어,국어,104,3520,3822
국어,국어,103,3878,4055
국어,국어,102,3284,3496
국어,국어,101,3436,3649
국어,국어,100,3352,3579
국어,국어,99,3737,4003
국어,국어,98,3280,3426
국어,국어,97,3194,3240
국어,국어,96,3063,3209
국어,국어,95,3395,3560
국어,국어,94,2960,3071
국어,국어,93,2880,2972
국어,국어,92,2789,2996
국어,국어,91,3098,3215
국어,국어,90,2699,2735
국어,국어,89,2593,2725
국어,국어,88,2522,2547
국어,국어,87,2850,2730
국어,국어,86,2470,2364
국어,국어,85,2241,2280
국어,국어,84,2344,2290
국어,국어,83,2418,2299
국어,국어,82,2079,2016
국어,국어,81,2043,1885
국어,국어,80,2263,2103
국어,국어,79,1951,1800
국어,국어,78,1813,1740
국어,국어,77,1844,1604
국어,국어,76,1951,1748
국어,국어,75,1760,1449
국어,국어,74,1706,1438
국어,국어,73,1932,1584
국어,국어,72,1906,1515
국어,국어,71,1964,1320
국어,국어,70,3099,1593
국어,국어,69,1937,1224
국어,국어,68,2354,1397
국어,국어,67,1757,1064
국어,국어,66,4873,2111
국어,국어,65,1439,844
국어,국어,64,2245,1117
국어,국어,63,1581,825
국어,국어,62,2827,1374
국어,국어,61,878,499
국어,국어,60,1318,609
국어,국어,59,733,340
국어,국어,58,945,382
국어,국어,57,439,195
국어,국어,56,311,144
국어,국어,55,230,81
국어,국어,54,187,87
국어,국어,53,153,54
국어,국어,52,115,61
국어,국어,51,53,29
국어,국어,50,40,20
국어,국어,49,35,9
국어,국어,48,33,14
국어,국어,47,31,6
국어,국어,46,242,71
국어,국어,45,723,259
수학,수학,140,976,213
수학,수학,139,5,0
수학,수학,138,44,7
수학,수학,137,2089,580
수학,수학,136,15,2
수학,수학,135,171,49
수학,수학,134,3421,1204
수학,수학,133,50,11
수학,수학,132,437,158
수학,수학,131,5279,2321
수학,수학,130,138,29
수학,수학,129,896,356
수학,수학,128,7597,3916
수학,수학,127,367,125
수학,수학,126,1664,890
수학,수학,125,9570,5812
수학,수학,124,766,291
수학,수학,123,3043,1838
수학,수학,122,10042,7205
수학,수학,121,1364,692
수학,수학,120,4681,3331
수학,수학,119,7460,6168
수학,수학,118,2086,1373
수학,수학,117,5347,4329
수학,수학,116,4784,4256
수학,수학,115,2777,2086
수학,수학,114,4998,4301
수학,수학,113,3168,3031
수학,수학,112,3107,2602
수학,수학,111,4352,4231
수학,수학,110,2365,2343
수학,수학,109,3202,2737
수학,수학,108,4012,4258
수학,수학,107,1872,1931
수학,수학,106,2975,2685
수학,수학,105,3753,4310
수학,수학,104,1755,1665
수학,수학,103,3059,3320
수학,수학,102,2889,3612
수학,수학,101,1778,1792
수학,수학,100,2733,3315
수학,수학,99,2368,3170
수학,수학,98,2002,2266
수학,수학,97,2381,3144
수학,수학,96,2141,2864
수학,수학,95,2041,2554
수학,수학,94,2095,2636
수학,수학,93,2201,3060
수학,수학,92,1758,2315
수학,수학,91,1856,2246
수학,수학,90,2104,3308
수학,수학,89,1653,2094
수학,수학,88,1895,2436
수학,수학,87,1855,2762
수학,수학,86,1830,2417
수학,수학,85,1808,2337
수학,수학,84,1673,2559
수학,수학,83,2023,2788
수학,수학,82,1835,2317
수학,수학,81,1891,2748
수학,수학,80,2285,2908
수학,수학,79,2195,2411
수학,수학,78,2343,3196
수학,수학,77,2706,3504
수학,수학,76,3330,3356
수학,수학,75,2929,3420
수학,수학,74,5065,5877
수학,수학,73,4597,3730
수학,수학,72,8345,7268
수학,수학,71,5722,5985
수학,수학,70,2302,2469
수학,수학,69,2076,2013
수학,수학,68,1672,1760
수학,수학,67,946,870
수학,수학,66,475,480
수학,수학,65,856,594
수학,수학,64,343,288
수학,수학,63,144,126
수학,수학,62,998,547
사회탐구,생활과 윤리,71,574,869
사회탐구,생활과 윤리,69,242,372
사회탐구,생활과 윤리,68,1423,2291
사회탐구,생활과 윤리,67,61,100
사회탐구,생활과 윤리,66,807,1335
사회탐구,생활과 윤리,65,2207,3545
사회탐구,생활과 윤리,64,1606,2447
사회탐구,생활과 윤리,63,1714,2778
사회탐구,생활과 윤리,62,791,1193
사회탐구,생활과 윤리,61,1906,3125
사회탐구,생활과 윤리,60,1404,2294
사회탐구,생활과 윤리,59,1279,2054
사회탐구,생활과 윤리,58,3090,5027
사회탐구,생활과 윤리,57,1636,2754
사회탐구,생활과 윤리,56,1567,2702
사회탐구,생활과 윤리,55,1584,2503
사회탐구,생활과 윤리,54,1824,2913
사회탐구,생활과 윤리,53,1560,2573
사회탐구,생활과 윤리,52,1820,3043
사회탐구,생활과 윤리,51,3539,5459
사회탐구,생활과 윤리,50,1960,3163
사회탐구,생활과 윤리,49,1721,2749
사회탐구,생활과 윤리,48,1951,2982
사회탐구,생활과 윤리,47,1774,2774
사회탐구,생활과 윤리,46,1836,2765
사회탐구,생활과 윤리,45,1798,2770
사회탐구,생활과 윤리,44,3375,4851
사회탐구,생활과 윤리,43,1522,2035
사회탐구,생활과 윤리,42,1537,2047
사회탐구,생활과 윤리,41,1480,1876
사회탐구,생활과 윤리,40,1324,1658
사회탐구,생활과 윤리,39,1405,1579
사회탐구,생활과 윤리,38,1336,1330
사회탐구,생활과 윤리,37,5218,3519
사회탐구,생활과 윤리,36,4096,3495
사회탐구,생활과 윤리,35,1380,1068
사회탐구,생활과 윤리,34,997,788
사회탐구,생활과 윤리,33,656,613
사회탐구,생활과 윤리,32,990,820
사회탐구,생활과 윤리,31,614,409
사회탐구,생활과 윤리,30,278,189
사회탐구,생활과 윤리,29,441,265
사회탐구,생활과 윤리,27,96,54
사회탐구,윤리와 사상,75,51,51
사회탐구,윤리와 사상,74,11,19
사회탐구,윤리와 사상,73,150,187
사회탐구,윤리와 사상,72,5,5
사회탐구,윤리와 사상,71,72,119
사회탐구,윤리와 사상,70,228,351
사회탐구,윤리와 사상,69,37,52
사회탐구,윤리와 사상,68,157,297
사회탐구,윤리와 사상,67,261,444
사회탐구,윤리와 사상,66,98,200
사회탐구,윤리와 사상,65,284,527
사회탐구,윤리와 사상,64,224,456
사회탐구,윤리와 사상,63,576,1087
사회탐구,윤리와 사상,62,267,466
사회탐구,윤리와 사상,61,324,656
사회탐구,윤리와 사상,60,339,589
사회탐구,윤리와 사상,59,263,574
사회탐구,윤리와 사상,58,339,657
사회탐구,윤리와 사상,57,280,566
사회탐구,윤리와 사상,56,302,596
사회탐구,윤리와 사상,55,258,562
사회탐구,윤리와 사상,54,341,599
사회탐구,윤리와 사상,53,330,613
사회탐구,윤리와 사상,52,613,1204
사회탐구,윤리와 사상,51,301,640
사회탐구,윤리와 사상,50,332,661
사회탐구,윤리와 사상,49,367,645
사회탐구,윤리와 사상,48,394,693
사회탐구,윤리와 사상,47,434,777
사회탐구,윤리와 사상,46,407,742
사회탐구,윤리와 사상,45,508,788
사회탐구,윤리와 사상,44,433,684
사회탐구,윤리와 사상,43,484,688
사회탐구,윤리와 사상,42,1055,1434
사회탐구,윤리와 사상,41,1689,1238
사회탐구,윤리와 사상,40,701,697
사회탐구,윤리와 사상,39,671,639
사회탐구,윤리와 사상,38,913,894
사회탐구,윤리와 사상,37,453,367
사회탐구,윤리와 사상,36,291,278
사회탐구,윤리와 사상,35,158,119
사회탐구,윤리와 사상,34,192,162
사회탐구,윤리와 사상,33,114,111
사회탐구,윤리와 사상,32,55,47
사회탐구,윤리와 사상,31,64,44
사회탐구,윤리와 사상,30,32,18
사회탐구,한국지리,70,367,150
사회탐구,한국지리,69,219,147
사회탐구,한국지리,68,561,314
사회탐구,한국지리,67,81,49
사회탐구,한국지리,66,549,444
사회탐구,한국지리,65,667,491
사회탐구,한국지리,64,533,490
사회탐구,한국지리,63,252,254
사회탐구,한국지리,62,411,406
사회탐구,한국지리,61,670,657
사회탐구,한국지리,60,411,375
사회탐구,한국지리,59,293,259
사회탐구,한국지리,58,322,379
사회탐구,한국지리,57,659,654
사회탐구,한국지리,56,343,371
사회탐구,한국지리,55,327,362
사회탐구,한국지리,54,382,357
사회탐구,한국지리,53,637,737
사회탐구,한국지리,52,351,383
사회탐구,한국지리,51,343,364
사회탐구,한국지리,50,390,415
사회탐구,한국지리,49,785,839
사회탐구,한국지리,48,421,460
사회탐구,한국지리,47,432,436
사회탐구,한국지리,46,472,534
사회탐구,한국지리,45,962,1079
사회탐구,한국지리,44,584,566
사회탐구,한국지리,43,476,493
사회탐구,한국지리,42,1454,944
사회탐구,한국지리,41,957,1013
사회탐구,한국지리,40,549,546
사회탐구,한국지리,39,516,446
사회탐구,한국지리,38,961,665
사회탐구,한국지리,37,675,567
사회탐구,한국지리,36,497,363
사회탐구,한국지리,35,153,115
사회탐구,한국지리,34,204,172
사회탐구,한국지리,33,165,117
사회탐구,한국지리,32,79,53
사회탐구,한국지리,30,36,18
사회탐구,세계지리,69,353,148
사회탐구,세계지리,68,330,187
사회탐구,세계지리,67,428,232
사회탐구,세계지리,66,174,120
사회탐구,세계지리,65,1065,624
사회탐구,세계지리,64,472,306
사회탐구,세계지리,63,604,387
사회탐구,세계지리,62,954,651
사회탐구,세계지리,61,457,320
사회탐구,세계지리,60,429,345
사회탐구,세계지리,59,494,319
사회탐구,세계지리,58,872,615
사회탐구,세계지리,57,411,273
사회탐구,세계지리,56,395,323
사회탐구,세계지리,55,811,532
사회탐구,세계지리,54,381,298
사회탐구,세계지리,53,332,238
사회탐구,세계지리,52,370,277
사회탐구,세계지리,51,761,589
사회탐구,세계지리,50,405,308
사회탐구,세계지리,49,401,323
사회탐구,세계지리,48,881,716
사회탐구,세계지리,47,461,405
사회탐구,세계지리,46,490,422
사회탐구,세계지리,45,509,429
사회탐구,세계지리,44,1165,957
사회탐구,세계지리,43,1319,660
사회탐구,세계지리,42,559,516
사회탐구,세계지리,41,552,479
사회탐구,세계지리,40,1149,1055
사회탐구,세계지리,39,511,386
사회탐구,세계지리,38,522,445
사회탐구,세계지리,37,935,683
사회탐구,세계지리,36,286,264
사회탐구,세계지리,35,700,384
사회탐구,세계지리,34,225,138
사회탐구,세계지리,33,190,125
사회탐구,세계지리,32,66,49
사회탐구,세계지리,30,26,14
사회탐구,동아시아사,65,939,522
사회탐구,동아시아사,64,76,50
사회탐구,동아시아사,63,804,559
사회탐구,동아시아사,62,178,114
사회탐구,동아시아사,61,420,366
사회탐구,동아시아사,60,197,143
사회탐구,동아시아사,59,258,215
사회탐구,동아시아사,58,79,34
사회탐구,동아시아사,57,393,286
사회탐구,동아시아사,56,125,70
사회탐구,동아시아사,55,332,294
사회탐구,동아시아사,54,185,120
사회탐구,동아시아사,53,319,255
사회탐구,동아시아사,52,149,140
사회탐구,동아시아사,51,163,141
사회탐구,동아시아사,50,348,269
사회탐구,동아시아사,49,179,166
사회탐구,동아시아사,48,343,336
사회탐구,동아시아사,47,192,149
사회탐구,동아시아사,46,166,165
사회탐구,동아시아사,45,366,358
사회탐구,동아시아사,44,194,186
사회탐구,동아시아사,43,428,358
사회탐구,동아시아사,42,222,175
사회탐구,동아시아사,41,196,194
사회탐구,동아시아사,40,480,402
사회탐구,동아시아사,39,205,168
사회탐구,동아시아사,38,388,317
사회탐구,동아시아사,37,581,284
사회탐구,동아시아사,36,400,262
사회탐구,동아시아사,35,181,135
사회탐구,동아시아사,34,62,44
사회탐구,동아시아사,33,118,69
사회탐구,동아시아사,32,16,8
사회탐구,동아시아사,31,32,16
사회탐구,동아시아사,30,8,7
사회탐구,세계사,67,816,256
사회탐구,세계사,65,694,265
사회탐구,세계사,64,86,70
사회탐구,세계사,63,527,241
사회탐구,세계사,62,159,113
사회탐구,세계사,61,394,190
사회탐구,세계사,60,230,116
사회탐구,세계사,59,290,165
사회탐구,세계사,58,203,122
사회탐구,세계사,57,280,165
사회탐구,세계사,56,162,88
사회탐구,세계사,55,295,138
사회탐구,세계사,54,148,85
사회탐구,세계사,53,269,183
사회탐구,세계사,52,132,68
사회탐구,세계사,51,290,206
사회탐구,세계사,50,136,88
사회탐구,세계사,49,326,243
사회탐구,세계사,48,187,122
사회탐구,세계사,47,153,123
사회탐구,세계사,46,370,265
사회탐구,세계사,45,169,157
사회탐구,세계사,44,477,367
사회탐구,세계사,43,285,207
사회탐구,세계사,42,614,504
사회탐구,세계사,41,509,348
사회탐구,세계사,40,568,474
사회탐구,세계사,39,244,195
사회탐구,세계사,38,869,540
사회탐구,세계사,37,134,96
사회탐구,세계사,36,205,183
사회탐구,세계사,35,30,33
사회탐구,세계사,34,55,36
사회탐구,세계사,33,17,9
사회탐구,경제,70,72,10
사회탐구,경제,69,58,6
사회탐구,경제,68,124,22
사회탐구,경제,67,17,9
사회탐구,경제,66,226,65
사회탐구,경제,65,62,16
사회탐구,경제,64,140,41
사회탐구,경제,63,173,46
사회탐구,경제,62,72,41
사회탐구,경제,61,50,30
사회탐구,경제,60,105,37
사회탐구,경제,59,142,68
사회탐구,경제,58,98,44
사회탐구,경제,57,71,27
사회탐구,경제,56,163,64
사회탐구,경제,55,70,40
사회탐구,경제,54,93,39
사회탐구,경제,53,80,42
사회탐구,경제,52,181,78
사회탐구,경제,51,92,39
사회탐구,경제,50,101,48
사회탐구,경제,49,189,93
사회탐구,경제,48,106,45
사회탐구,경제,47,92,50
사회탐구,경제,46,107,62
사회탐구,경제,45,228,96
사회탐구,경제,44,105,58
사회탐구,경제,43,92,61
사회탐구,경제,42,269,103
사회탐구,경제,41,112,54
사회탐구,경제,40,344,101
사회탐구,경제,39,313,128
사회탐구,경제,38,141,54
사회탐구,경제,37,107,52
사회탐구,경제,36,41,16
사회탐구,경제,35,108,40
사회탐구,경제,34,28,7
사회탐구,경제,33,32,8
사회탐구,경제,32,15,4
사회탐구,정치와 법,68,209,174
사회탐구,정치와 법,67,107,76
사회탐구,정치와 법,66,483,519
사회탐구,정치와 법,65,25,20
사회탐구,정치와 법,64,754,886
사회탐구,정치와 법,63,126,145
사회탐구,정치와 법,62,511,634
사회탐구,정치와 법,61,274,367
사회탐구,정치와 법,60,726,986
사회탐구,정치와 법,59,188,258
사회탐구,정치와 법,58,367,473
사회탐구,정치와 법,57,277,456
사회탐구,정치와 법,56,560,746
사회탐구,정치와 법,55,212,313
사회탐구,정치와 법,54,266,346
사회탐구,정치와 법,53,227,365
사회탐구,정치와 법,52,427,704
사회탐구,정치와 법,51,197,328
사회탐구,정치와 법,50,230,331
사회탐구,정치와 법,49,228,374
사회탐구,정치와 법,48,464,782
사회탐구,정치와 법,47,233,342
사회탐구,정치와 법,46,241,416
사회탐구,정치와 법,45,265,475
사회탐구,정치와 법,44,530,904
사회탐구,정치와 법,43,265,391
사회탐구,정치와 법,42,274,399
사회탐구,정치와 법,41,343,495
사회탐구,정치와 법,40,565,736
사회탐구,정치와 법,39,278,353
사회탐구,정치와 법,38,724,580
사회탐구,정치와 법,37,525,499
사회탐구,정치와 법,36,571,524
사회탐구,정치와 법,35,163,157
사회탐구,정치와 법,34,237,219
사회탐구,정치와 법,33,90,95
사회탐구,정치와 법,32,117,145
사회탐구,정치와 법,31,25,24
사회탐구,정치와 법,30,30,33
사회탐구,정치와 법,28,20,12
사회탐구,사회·문화,73,110,99
사회탐구,사회·문화,71,194,225
사회탐구,사회·문화,70,609,597
사회탐구,사회·문화,69,1158,1342
사회탐구,사회·문화,68,562,518
사회탐구,사회·문화,67,1127,1412
사회탐구,사회·문화,66,1821,2024
사회탐구,사회·문화,65,1073,1224
사회탐구,사회·문화,64,2435,2810
사회탐구,사회·문화,63,2041,2305
사회탐구,사회·문화,62,1982,2525
사회탐구,사회·문화,61,3183,3765
사회탐구,사회·문화,60,2311,2890
사회탐구,사회·문화,59,3048,3801
사회탐구,사회·문화,58,3080,3851
사회탐구,사회·문화,57,2781,3380
사회탐구,사회·문화,56,3441,4301
사회탐구,사회·문화,55,2960,3659
사회탐구,사회·문화,54,3102,3956
사회탐구,사회·문화,53,3185,4099
사회탐구,사회·문화,52,2874,3588
사회탐구,사회·문화,51,3151,4040
사회탐구,사회·문화,50,2713,3677
사회탐구,사회·문화,49,2888,3769
사회탐구,사회·문화,48,2805,3500
사회탐구,사회·문화,47,2748,3342
사회탐구,사회·문화,46,2713,3378
사회탐구,사회·문화,45,2510,2914
사회탐구,사회·문화,44,2631,3132
사회탐구,사회·문화,43,2290,2783
사회탐구,사회·문화,42,2420,2731
사회탐구,사회·문화,41,2269,2659
사회탐구,사회·문화,40,2071,2305
사회탐구,사회·문화,39,2145,2397
사회탐구,사회·문화,38,3332,3110
사회탐구,사회·문화,37,1904,1855
사회탐구,사회·문화,36,1752,1751
사회탐구,사회·문화,35,1447,1420
사회탐구,사회·문화,34,2954,2705
사회탐구,사회·문화,33,1058,968
사회탐구,사회·문화,32,3851,2333
사회탐구,사회·문화,31,479,414
사회탐구,사회·문화,30,702,534
사회탐구,사회·문화,29,217,118
사회탐구,사회·문화,28,370,266
사회탐구,사회·문화,27,176,105
사회탐구,사회·문화,25,86,43
과학탐구,물리학 I,69,555,66
과학탐구,물리학 I,68,614,99
과학탐구,물리학 I,67,321,53
과학탐구,물리학 I,66,464,70
과학탐구,물리학 I,65,616,124
과학탐구,물리학 I,64,1062,206
과학탐구,물리학 I,63,514,100
과학탐구,물리학 I,62,533,99
과학탐구,물리학 I,61,1281,258
과학탐구,물리학 I,60,821,177
과학탐구,물리학 I,59,687,180
과학탐구,물리학 I,58,584,142
과학탐구,물리학 I,57,1432,358
과학탐구,물리학 I,56,622,164
과학탐구,물리학 I,55,739,223
과학탐구,물리학 I,54,545,135
과학탐구,물리학 I,53,1297,382
과학탐구,물리학 I,52,531,171
과학탐구,물리학 I,51,694,225
과학탐구,물리학 I,50,1130,347
과학탐구,물리학 I,49,600,182
과학탐구,물리학 I,48,533,159
과학탐구,물리학 I,47,640,232
과학탐구,물리학 I,46,1197,397
과학탐구,물리학 I,45,626,248
과학탐구,물리학 I,44,585,198
과학탐구,물리학 I,43,730,246
과학탐구,물리학 I,42,1298,383
과학탐구,물리학 I,41,736,257
과학탐구,물리학 I,40,656,197
과학탐구,물리학 I,39,1575,436
과학탐구,물리학 I,38,692,183
과학탐구,물리학 I,37,1213,258
과학탐구,물리학 I,36,999,231
과학탐구,물리학 I,35,684,179
과학탐구,물리학 I,34,278,82
과학탐구,물리학 I,33,154,33
과학탐구,물리학 I,32,113,23
과학탐구,물리학 I,31,142,35
과학탐구,물리학 I,30,33,9
과학탐구,화학 I,71,250,64
과학탐구,화학 I,70,118,46
과학탐구,화학 I,69,236,110
과학탐구,화학 I,68,30,18
과학탐구,화학 I,67,390,180
과학탐구,화학 I,66,128,56
과학탐구,화학 I,65,258,130
과학탐구,화학 I,64,138,78
과학탐구,화학 I,63,443,258
과학탐구,화학 I,62,178,95
과학탐구,화학 I,61,278,166
과학탐구,화학 I,60,212,131
과학탐구,화학 I,59,453,325
과학탐구,화학 I,58,170,145
과학탐구,화학 I,57,224,190
과학탐구,화학 I,56,226,157
과학탐구,화학 I,55,422,321
과학탐구,화학 I,54,200,152
과학탐구,화학 I,53,195,134
과학탐구,화학 I,52,411,342
과학탐구,화학 I,51,236,194
과학탐구,화학 I,50,184,153
과학탐구,화학 I,49,228,195
과학탐구,화학 I,48,426,365
과학탐구,화학 I,47,236,209
과학탐구,화학 I,46,220,204
과학탐구,화학 I,45,325,231
과학탐구,화학 I,44,614,476
과학탐구,화학 I,43,396,300
과학탐구,화학 I,42,368,253
과학탐구,화학 I,41,955,490
과학탐구,화학 I,40,902,593
과학탐구,화학 I,39,285,192
과학탐구,화학 I,38,274,173
과학탐구,화학 I,37,382,225
과학탐구,화학 I,36,272,162
과학탐구,화학 I,35,98,60
과학탐구,화학 I,34,27,13
과학탐구,화학 I,33,54,42
과학탐구,화학 I,32,16,8
과학탐구,생명과학 I,70,91,62
과학탐구,생명과학 I,68,38,42
과학탐구,생명과학 I,67,624,466
과학탐구,생명과학 I,66,8,11
과학탐구,생명과학 I,65,2312,1877
과학탐구,생명과학 I,64,183,177
과학탐구,생명과학 I,63,1830,1645
과학탐구,생명과학 I,62,1616,1376
과학탐구,생명과학 I,61,1002,928
과학탐구,생명과학 I,60,2248,2095
과학탐구,생명과학 I,59,1124,1082
과학탐구,생명과학 I,58,1854,1741
과학탐구,생명과학 I,57,1536,1606
과학탐구,생명과학 I,56,2880,3043
과학탐구,생명과학 I,55,1076,1146
과학탐구,생명과학 I,54,1373,1570
과학탐구,생명과학 I,53,1044,1250
과학탐구,생명과학 I,52,1138,1359
과학탐구,생명과학 I,51,1043,1213
과학탐구,생명과학 I,50,1041,1194
과학탐구,생명과학 I,49,1019,1229
과학탐구,생명과학 I,48,990,1113
과학탐구,생명과학 I,47,1065,1283
과학탐구,생명과학 I,46,1848,2403
과학탐구,생명과학 I,45,889,1218
과학탐구,생명과학 I,44,888,1127
과학탐구,생명과학 I,43,1044,1270
과학탐구,생명과학 I,42,768,1009
과학탐구,생명과학 I,41,971,1267
과학탐구,생명과학 I,40,835,1140
과학탐구,생명과학 I,39,702,930
과학탐구,생명과학 I,38,964,1243
과학탐구,생명과학 I,37,1570,1752
과학탐구,생명과학 I,36,735,821
과학탐구,생명과학 I,35,421,416
과학탐구,생명과학 I,34,774,745
과학탐구,생명과학 I,33,672,596
과학탐구,생명과학 I,32,1090,654
과학탐구,생명과학 I,31,729,641
과학탐구,생명과학 I,30,155,108
과학탐구,생명과학 I,29,236,191
과학탐구,생명과학 I,28,194,167
과학탐구,생명과학 I,27,139,93
과학탐구,생명과학 I,25,55,27
과학탐구,지구과학 I,74,159,38
과학탐구,지구과학 I,72,178,38
과학탐구,지구과학 I,71,414,111
과학탐구,지구과학 I,70,86,22
과학탐구,지구과학 I,69,686,208
과학탐구,지구과학 I,68,594,192
과학탐구,지구과학 I,67,1578,665
과학탐구,지구과학 I,66,740,323
과학탐구,지구과학 I,65,1045,429
과학탐구,지구과학 I,64,1591,677
과학탐구,지구과학 I,63,867,390
과학탐구,지구과학 I,62,1666,828
과학탐구,지구과학 I,61,1486,766
과학탐구,지구과학 I,60,1206,599
과학탐구,지구과학 I,59,2170,1032
과학탐구,지구과학 I,58,1379,679
과학탐구,지구과학 I,57,3558,1900
과학탐구,지구과학 I,56,1236,694
과학탐구,지구과학 I,55,1805,1054
과학탐구,지구과학 I,54,1458,886
과학탐구,지구과학 I,53,1287,836
과학탐구,지구과학 I,52,1707,1134
과학탐구,지구과학 I,51,1208,806
과학탐구,지구과학 I,50,1329,892
과학탐구,지구과학 I,49,1435,932
과학탐구,지구과학 I,48,2738,1796
과학탐구,지구과학 I,47,1428,913
과학탐구,지구과학 I,46,1382,945
과학탐구,지구과학 I,45,1492,1001
과학탐구,지구과학 I,44,1373,955
과학탐구,지구과학 I,43,1550,1073
과학탐구,지구과학 I,42,1448,1018
과학탐구,지구과학 I,41,1851,1132
과학탐구,지구과학 I,40,1458,1032
과학탐구,지구과학 I,39,1622,1083
과학탐구,지구과학 I,38,4607,2516
과학탐구,지구과학 I,37,1099,713
과학탐구,지구과학 I,36,1318,759
과학탐구,지구과학 I,35,903,567
과학탐구,지구과학 I,34,479,305
과학탐구,지구과학 I,33,585,353
과학탐구,지구과학 I,32,261,165
과학탐구,지구과학 I,31,182,81
과학탐구,지구과학 I,30,169,89
과학탐구,지구과학 I,28,68,29
과학탐구,물리학 II,73,73,5
과학탐구,물리학 II,71,97,6
과학탐구,물리학 II,70,15,1
과학탐구,물리학 II,69,75,4
과학탐구,물리학 II,68,34,2
과학탐구,물리학 II,67,145,11
과학탐구,물리학 II,66,38,3
과학탐구,물리학 II,65,75,16
과학탐구,물리학 II,64,77,3
과학탐구,물리학 II,63,152,12
과학탐구,물리학 II,62,74,9
과학탐구,물리학 II,61,82,7
과학탐구,물리학 II,60,144,13
과학탐구,물리학 II,59,77,11
과학탐구,물리학 II,58,53,9
과학탐구,물리학 II,57,71,7
과학탐구,물리학 II,56,133,16
과학탐구,물리학 II,55,70,7
과학탐구,물리학 II,54,52,9
과학탐구,물리학 II,53,70,17
과학탐구,물리학 II,52,131,22
과학탐구,물리학 II,51,75,14
과학탐구,물리학 II,50,86,20
과학탐구,물리학 II,49,178,33
과학탐구,물리학 II,48,111,16
과학탐구,물리학 II,47,107,16
과학탐구,물리학 II,46,105,43
과학탐구,물리학 II,45,245,52
과학탐구,물리학 II,44,174,31
과학탐구,물리학 II,43,189,41
과학탐구,물리학 II,42,162,40
과학탐구,물리학 II,41,684,133
과학탐구,물리학 II,40,144,41
과학탐구,물리학 II,39,109,36
과학탐구,물리학 II,38,132,21
과학탐구,물리학 II,37,43,5
과학탐구,물리학 II,36,31,6
과학탐구,물리학 II,35,36,5
과학탐구,물리학 II,34,10,2
과학탐구,화학 II,67,263,50
과학탐구,화학 II,65,232,52
과학탐구,화학 II,64,14,2
과학탐구,화학 II,63,209,49
과학탐구,화학 II,62,28,4
과학탐구,화학 II,61,155,53
과학탐구,화학 II,60,46,19
과학탐구,화학 II,59,115,33
과학탐구,화학 II,58,67,24
과학탐구,화학 II,57,92,40
과학탐구,화학 II,56,52,24
과학탐구,화학 II,55,42,15
과학탐구,화학 II,54,106,41
과학탐구,화학 II,53,54,24
과학탐구,화학 II,52,105,31
과학탐구,화학 II,51,60,24
과학탐구,화학 II,50,93,46
과학탐구,화학 II,49,41,21
과학탐구,화학 II,48,116,63
과학탐구,화학 II,47,51,31
과학탐구,화학 II,46,110,67
과학탐구,화학 II,45,89,49
과학탐구,화학 II,44,150,71
과학탐구,화학 II,43,83,47
과학탐구,화학 II,42,82,37
과학탐구,화학 II,41,197,103
과학탐구,화학 II,40,133,54
과학탐구,화학 II,39,306,96
과학탐구,화학 II,38,217,57
과학탐구,화학 II,37,118,43
과학탐구,화학 II,36,34,12
과학탐구,화학 II,35,46,8
과학탐구,화학 II,34,11,6
과학탐구,화학 II,33,5,0
과학탐구,생명과학 II,73,53,18
과학탐구,생명과학 II,72,30,11
과학탐구,생명과학 II,71,55,18
과학탐구,생명과학 II,70,21,4
과학탐구,생명과학 II,69,137,41
과학탐구,생명과학 II,68,74,25
과학탐구,생명과학 II,67,83,33
과학탐구,생명과학 II,66,54,22
과학탐구,생명과학 II,65,176,77
과학탐구,생명과학 II,64,93,56
과학탐구,생명과학 II,63,89,37
과학탐구,생명과학 II,62,67,44
과학탐구,생명과학 II,61,138,72
과학탐구,생명과학 II,60,68,47
과학탐구,생명과학 II,59,62,31
과학탐구,생명과학 II,58,54,45
과학탐구,생명과학 II,57,108,99
과학탐구,생명과학 II,56,52,57
과학탐구,생명과학 II,55,48,51
과학탐구,생명과학 II,54,54,62
과학탐구,생명과학 II,53,103,128
과학탐구,생명과학 II,52,71,83
과학탐구,생명과학 II,51,54,80
과학탐구,생명과학 II,50,73,85
과학탐구,생명과학 II,49,146,178
과학탐구,생명과학 II,48,95,119
과학탐구,생명과학 II,47,92,104
과학탐구,생명과학 II,46,101,103
과학탐구,생명과학 II,45,231,263
과학탐구,생명과학 II,44,140,113
과학탐구,생명과학 II,43,137,131
과학탐구,생명과학 II,42,125,126
과학탐구,생명과학 II,41,599,355
과학탐구,생명과학 II,40,119,106
과학탐구,생명과학 II,39,221,142
과학탐구,생명과학 II,38,75,45
과학탐구,생명과학 II,37,125,100
과학탐구,생명과학 II,36,27,17
과학탐구,생명과학 II,35,35,19
과학탐구,생명과학 II,33,12,8
과학탐구,지구과학 II,73,92,16
과학탐구,지구과학 II,71,49,9
과학탐구,지구과학 II,70,103,15
과학탐구,지구과학 II,69,63,15
과학탐구,지구과학 II,68,99,11
과학탐구,지구과학 II,67,94,19
과학탐구,지구과학 II,66,41,3
과학탐구,지구과학 II,65,33,11
과학탐구,지구과학 II,64,85,17
과학탐구,지구과학 II,63,68,4
과학탐구,지구과학 II,62,70,12
과학탐구,지구과학 II,61,26,11
과학탐구,지구과학 II,60,30,6
과학탐구,지구과학 II,59,38,20
과학탐구,지구과학 II,58,20,3
과학탐구,지구과학 II,57,25,10
과학탐구,지구과학 II,56,50,18
과학탐구,지구과학 II,55,28,6
과학탐구,지구과학 II,54,27,12
과학탐구,지구과학 II,53,61,41
과학탐구,지구과학 II,52,36,17
과학탐구,지구과학 II,51,38,14
과학탐구,지구과학 II,50,117,61
과학탐구,지구과학 II,49,74,33
과학탐구,지구과학 II,48,99,34
과학탐구,지구과학 II,47,216,96
과학탐구,지구과학 II,46,142,65
과학탐구,지구과학 II,45,112,57
과학탐구,지구과학 II,44,369,133
과학탐구,지구과학 II,43,309,111
과학탐구,지구과학 II,42,409,151
과학탐구,지구과학 II,41,128,65
과학탐구,지구과학 II,40,69,28
과학탐구,지구과학 II,39,140,52
과학탐구,지구과학 II,38,12,4
과학탐구,지구과학 II,37,38,11
과학탐구,지구과학 II,36,10,6
직업탐구,성공적인 직업생활,82,6,5
직업탐구,성공적인 직업생활,80,3,1
직업탐구,성공적인 직업생활,79,18,10
직업탐구,성공적인 직업생활,77,6,4
직업탐구,성공적인 직업생활,76,27,18
직업탐구,성공적인 직업생활,75,0,2
직업탐구,성공적인 직업생활,74,13,6
직업탐구,성공적인 직업생활,73,22,10
직업탐구,성공적인 직업생활,72,5,1
직업탐구,성공적인 직업생활,71,17,7
직업탐구,성공적인 직업생활,70,18,11
직업탐구,성공적인 직업생활,69,7,4
직업탐구,성공적인 직업생활,68,26,13
직업탐구,성공적인 직업생활,67,18,12
직업탐구,성공적인 직업생활,66,7,6
직업탐구,성공적인 직업생활,65,30,24
직업탐구,성공적인 직업생활,64,22,17
직업탐구,성공적인 직업생활,63,20,16
직업탐구,성공적인 직업생활,62,29,19
직업탐구,성공적인 직업생활,61,21,11
직업탐구,성공적인 직업생활,60,26,36
직업탐구,성공적인 직업생활,59,47,33
직업탐구,성공적인 직업생활,58,41,28
직업탐구,성공적인 직업생활,57,43,28
직업탐구,성공적인 직업생활,56,40,40
직업탐구,성공적인 직업생활,55,55,47
직업탐구,성공적인 직업생활,54,42,48
직업탐구,성공적인 직업생활,53,65,60
직업탐구,성공적인 직업생활,52,46,76
직업탐구,성공적인 직업생활,51,50,50
직업탐구,성공적인 직업생활,50,60,77
직업탐구,성공적인 직업생활,49,70,73
직업탐구,성공적인 직업생활,48,67,76
직업탐구,성공적인 직업생활,47,60,77
직업탐구,성공적인 직업생활,46,77,67
직업탐구,성공적인 직업생활,45,72,81
직업탐구,성공적인 직업생활,44,67,72
직업탐구,성공적인 직업생활,43,116,83
직업탐구,성공적인 직업생활,42,113,83
직업탐구,성공적인 직업생활,41,54,52
직업탐구,성공적인 직업생활,40,93,80
직업탐구,성공적인 직업생활,39,227,99
직업탐구,성공적인 직업생활,38,34,36
직업탐구,성공적인 직업생활,37,37,16
직업탐구,성공적인 직업생활,36,17,7
직업탐구,성공적인 직업생활,35,14,6
직업탐구,성공적인 직업생활,34,15,5
직업탐구,성공적인 직업생활,32,6,4
직업탐구,농업 기초 기술,83,2,0
직업탐구,농업 기초 기술,80,2,1
직업탐구,농업 기초 기술,79,1,0
직업탐구,농업 기초 기술,78,1,0
직업탐구,농업 기초 기술,77,0,2
직업탐구,농업 기초 기술,76,1,0
직업탐구,농업 기초 기술,75,2,0
직업탐구,농업 기초 기술,74,2,1
직업탐구,농업 기초 기술,73,2,1
직업탐구,농업 기초 기술,72,7,2
직업탐구,농업 기초 기술,71,4,0
직업탐구,농업 기초 기술,70,1,2
직업탐구,농업 기초 기술,69,2,3
직업탐구,농업 기초 기술,68,1,1
직업탐구,농업 기초 기술,67,0,2
직업탐구,농업 기초 기술,66,4,3
직업탐구,농업 기초 기술,65,0,3
직업탐구,농업 기초 기술,64,3,1
직업탐구,농업 기초 기술,63,2,4
직업탐구,농업 기초 기술,62,0,1
직업탐구,농업 기초 기술,61,2,2
직업탐구,농업 기초 기술,60,3,3
직업탐구,농업 기초 기술,59,2,1
직업탐구,농업 기초 기술,58,1,2
직업탐구,농업 기초 기술,57,3,1
직업탐구,농업 기초 기술,56,2,3
직업탐구,농업 기초 기술,55,1,1
직업탐구,농업 기초 기술,54,2,2
직업탐구,농업 기초 기술,53,7,7
직업탐구,농업 기초 기술,52,6,6
직업탐구,농업 기초 기술,51,10,4
직업탐구,농업 기초 기술,50,4,6
직업탐구,농업 기초 기술,49,7,7
직업탐구,농업 기초 기술,48,10,7
직업탐구,농업 기초 기술,47,7,6
직업탐구,농업 기초 기술,46,49,29
직업탐구,농업 기초 기술,45,24,20
직업탐구,농업 기초 기술,44,7,4
직업탐구,농업 기초 기술,43,14,9
직업탐구,농업 기초 기술,42,7,5
직업탐구,농업 기초 기술,41,14,4
직업탐구,농업 기초 기술,40,5,6
직업탐구,농업 기초 기술,39,1,5
직업탐구,농업 기초 기술,38,0,2
직업탐구,농업 기초 기술,37,6,2
직업탐구,농업 기초 기술,36,2,1
직업탐구,농업 기초 기술,34,4,0
직업탐구,공업 일반,73,9,1
직업탐구,공업 일반,72,5,1
직업탐구,공업 일반,71,18,6
직업탐구,공업 일반,69,27,6
직업탐구,공업 일반,68,6,0
직업탐구,공업 일반,67,22,3
직업탐구,공업 일반,66,13,4
직업탐구,공업 일반,65,29,6
직업탐구,공업 일반,64,11,4
직업탐구,공업 일반,63,17,7
직업탐구,공업 일반,62,16,10
직업탐구,공업 일반,61,14,7
직업탐구,공업 일반,60,11,5
직업탐구,공업 일반,59,17,2
직업탐구,공업 일반,58,8,2
직업탐구,공업 일반,57,20,2
직업탐구,공업 일반,56,15,3
직업탐구,공업 일반,55,12,5
직업탐구,공업 일반,54,16,4
직업탐구,공업 일반,53,26,5
직업탐구,공업 일반,52,22,5
직업탐구,공업 일반,51,16,6
직업탐구,공업 일반,50,11,1
직업탐구,공업 일반,49,37,10
직업탐구,공업 일반,48,22,10
직업탐구,공업 일반,47,20,4
직업탐구,공업 일반,46,60,15
직업탐구,공업 일반,45,30,10
직업탐구,공업 일반,44,35,6
직업탐구,공업 일반,43,107,16
직업탐구,공업 일반,42,109,27
직업탐구,공업 일반,41,31,8
직업탐구,공업 일반,40,24,4
직업탐구,공업 일반,39,22,4
직업탐구,공업 일반,38,43,7
직업탐구,공업 일반,37,8,1
직업탐구,공업 일반,36,7,1
직업탐구,공업 일반,35,4,1
직업탐구,공업 일반,34,6,0
직업탐구,상업 경제,71,13,11
직업탐구,상업 경제,69,6,5
직업탐구,상업 경제,68,16,15
직업탐구,상업 경제,67,11,7
직업탐구,상업 경제,66,7,12
직업탐구,상업 경제,65,8,16
직업탐구,상업 경제,64,3,8
직업탐구,상업 경제,63,13,22
직업탐구,상업 경제,62,2,5
직업탐구,상업 경제,61,2,7
직업탐구,상업 경제,60,12,10
직업탐구,상업 경제,59,6,8
직업탐구,상업 경제,58,6,4
직업탐구,상업 경제,57,11,19
직업탐구,상업 경제,56,3,9
직업탐구,상업 경제,55,5,7
직업탐구,상업 경제,54,9,13
직업탐구,상업 경제,53,5,12
직업탐구,상업 경제,52,4,18
직업탐구,상업 경제,51,7,36
직업탐구,상업 경제,50,5,13
직업탐구,상업 경제,49,4,12
직업탐구,상업 경제,48,17,34
직업탐구,상업 경제,47,5,20
직업탐구,상업 경제,46,6,9
직업탐구,상업 경제,45,23,36
직업탐구,상업 경제,44,11,19
직업탐구,상업 경제,43,13,26
직업탐구,상업 경제,42,27,36
직업탐구,상업 경제,41,47,50
직업탐구,상업 경제,40,9,16
직업탐구,상업 경제,39,22,31
직업탐구,상업 경제,38,8,4
직업탐구,상업 경제,37,5,5
직업탐구,상업 경제,36,10,13
직업탐구,상업 경제,35,5,9
직업탐구,상업 경제,33,1,1
직업탐구,수산·해운 산업 기초,82,1,0
직업탐구,수산·해운 산업 기초,76,1,0
직업탐구,수산·해운 산업 기초,69,1,0
직업탐구,수산·해운 산업 기초,68,1,1
직업탐구,수산·해운 산업 기초,67,0,1
직업탐구,수산·해운 산업 기초,61,1,0
직업탐구,수산·해운 산업 기초,60,1,1
직업탐구,수산·해운 산업 기초,59,0,1
직업탐구,수산·해운 산업 기초,57,0,1
직업탐구,수산·해운 산업 기초,55,1,0
직업탐구,수산·해운 산업 기초,54,2,0
직업탐구,수산·해운 산업 기초,53,2,1
직업탐구,수산·해운 산업 기초,52,1,3
직업탐구,수산·해운 산업 기초,50,1,0
직업탐구,수산·해운 산업 기초,49,3,3
직업탐구,수산·해운 산업 기초,46,2,0
직업탐구,수산·해운 산업 기초,45,2,1
직업탐구,수산·해운 산업 기초,44,1,0
직업탐구,수산·해운 산업 기초,43,9,1
직업탐구,수산·해운 산업 기초,42,1,0
직업탐구,수산·해운 산업 기초,41,3,1
직업탐구,수산·해운 산업 기초,37,2,1
직업탐구,수산·해운 산업 기초,36,1,0
직업탐구,인간 발달,74,10,14
직업탐구,인간 발달,72,4,5
직업탐구,인간 발달,71,5,9
직업탐구,인간 발달,70,1,0
직업탐구,인간 발달,69,5,6
직업탐구,인간 발달,68,7,16
직업탐구,인간 발달,67,4,9
직업탐구,인간 발달,66,3,5
직업탐구,인간 발달,65,7,15
직업탐구,인간 발달,64,2,8
직업탐구,인간 발달,63,3,11
직업탐구,인간 발달,62,12,23
직업탐구,인간 발달,61,4,14
직업탐구,인간 발달,60,2,13
직업탐구,인간 발달,59,8,14
직업탐구,인간 발달,58,8,16
직업탐구,인간 발달,57,20,35
직업탐구,인간 발달,56,12,21
직업탐구,인간 발달,55,17,13
직업탐구,인간 발달,54,11,15
직업탐구,인간 발달,53,9,18
직업탐구,인간 발달,52,11,26
직업탐구,인간 발달,51,18,33
직업탐구,인간 발달,50,8,16
직업탐구,인간 발달,49,9,18
직업탐구,인간 발달,48,17,23
직업탐구,인간 발달,47,12,18
직업탐구,인간 발달,46,17,19
직업탐구,인간 발달,45,25,46
직업탐구,인간 발달,44,15,17
직업탐구,인간 발달,43,53,47
직업탐구,인간 발달,42,31,33
직업탐구,인간 발달,41,6,11
직업탐구,인간 발달,40,16,21
직업탐구,인간 발달,39,19,33
직업탐구,인간 발달,38,9,11
직업탐구,인간 발달,37,20,30
직업탐구,인간 발달,36,4,4
직업탐구,인간 발달,35,7,6
직업탐구,인간 발달,34,9,11
직업탐구,인간 발달,33,1,3
직업탐구,인간 발달,31,0,4
